{
  "i18n/i18n.properties": 1737609580424,
  "controller/App.controller.js": 1737609580424,
  "controller/View2.controller.js": 1737609580424,
  "controller/View1.controller.js": 1737609580424,
  "model/models.js": 1737609580424,
  "manifest.json": 1737609746114,
  "Component.js": 1737609580424,
  "model/models-dbg.js": 1737609580424,
  "model/models.js.map": 1737609746278,
  "controller/View2-dbg.controller.js": 1737609580424,
  "controller/View2.controller.js.map": 1737609746281,
  "controller/View1-dbg.controller.js": 1737609580424,
  "controller/View1.controller.js.map": 1737609746280,
  "controller/App-dbg.controller.js": 1737609580424,
  "controller/App.controller.js.map": 1737609746278,
  "Component-dbg.js": 1737609580424,
  "Component.js.map": 1737609746281,
  "Component-preload.js": 1737609746395,
  "Component-preload.js.map": 1737609746395,
  "view/View2.view.xml": 1737609580424,
  "view/View1.view.xml": 1737609580424,
  "view/App.view.xml": 1737609580424,
  "css/style.css": 1737609580424,
  "index.html": 1737609580424
}