{
  "controller/App.controller.js": 1736917486579,
  "Component.js": 1736917486563,
  "controller/View1.controller.js": 1736917486583,
  "i18n/i18n.properties": 1736917486567,
  "manifest.json": 1736941024688,
  "model/models.js": 1736917486575,
  "controller/App-dbg.controller.js": 1736917486579,
  "controller/App.controller.js.map": 1736941024826,
  "controller/View1-dbg.controller.js": 1736917486583,
  "controller/View1.controller.js.map": 1736941024826,
  "Component-dbg.js": 1736917486563,
  "Component.js.map": 1736941024828,
  "model/models-dbg.js": 1736917486575,
  "model/models.js.map": 1736941024827,
  "Component-preload.js": 1736941025002,
  "Component-preload.js.map": 1736941025002,
  "view/View1.view.xml": 1736940665255,
  "view/App.view.xml": 1736917486583,
  "css/style.css": 1736917486579,
  "index.html": 1736917486563
}